,Comentarios,rating
0,publik coffee lugares llegas sabes experiencia espectaculardesde vibra atencion calidad menu hablar especial cafe mas visita instagram travel_a_for_coffee,3
1,publico comida servicio solo salon reservo,3
2,great cortado,4
3,rico,3
4,cafeterias favoritas salt lake probado menu delicioso buen lugar reunirse amigos trabajar espacioso ambiente genial honestamente pedido tostada aguacate cafe leche john realmente puedes equivocarte,4
5,absolutamente hermoso gran espacio cafe comida increibles altamente recomendado unas cuantas veces,3
6,publik gran espacio trabajar colaborar opcion ideal quiero preocuparme encontrar estacionamiento asiento puede lleno espacio disponible asi probable encuentres,4
7,cafe aqui realmente bueno lugar impresionante espacio poder trabajar aqui 2do piso linda vista montanas,3
8,publik moda personal eficiente baristas trabajando duro menu sencillo calidad sabor ahi pedi tostadas queso cabra mermelada tostadas aguacate cafe leche matcha helado,3
9,ambiente increible entrar mundo espacio relajarse trabajar realmente aprecio cafe 1010 serio cualquiera frijol usando haciendo bien ah,3
10,lugar encanto desearias cafeteria luz suave rincones acogedores ambiente acogedor casi parece escape escondido personal distantes apenas forman parte escena aqui solo,4
11,cafe buenisimo cola acabo rapidisimo ambiente genial asientos incluso salitas trabajar estudiar,4
12,ubicacion hermosa logra equilibrio impresionante industrial acogedor fila larga 930 m sabado avanzaba rapidamente derribado tipo preparaba cafes leche,3
13,lugar realmente lindo buen cafe comida compre bollo papa horno cargado delicioso browned butter caramel latte mejores cafes probado gran bebedor cafe altamente,3
14,gran experiencia hoy cafeteria gusta chai dulce barista javier tomo tiempo escucharme preparo chai perfecto hizo lindo arte hizo sonreir recomendaria altamente volvere,4
15,personalmente cafeterias favoritas salt lake city cafe bueno mejor lugar espacioso ambiente industrial asientos,3
16,ventajas seleccion decente buena seleccion cafe bebidas tazas vidrio ceramica ofrecen bebidas asientos grandes piso arriba excelente iluminacion natural muchas habitaciones pequenas,4
17,espacio enorme trabajo conjunto gran cafe salas privadas disponibles llamadas zoom encanto granola hecha casa cubano basicamente sandwich jamon cubano blanco probado jamas recomendaria demas fantastico,3
18,acogedor realmente calido lugar atrae multitud millennial musica suave hizo sentir si desayunando pasteleria francesa asientos piso arriba buena cantidad puntos venta wifi funciona bien,4
19,maravillosos cafes leche excelentes tostadas aguacate tostadas salmon encanto ambiente relajado tienda ciudad asi hicimos pedido linea seguros tan ocupada,3
20,publik mejores cafeterias slc venimos aqui fines semana esperamos toda semana cafe consistente siempre increible encanta tostada aguacate ojala opciones comida aparte encanta publik,3
21,20 propina defecto nadie viene mesa recoge platos absolutamente ridiculamente presuntuoso respecto principios gratuidad quizas pagar empleados suficiente cumplan limosnas,3
22,espacio tan genial dos plantas espacio ventanas pedi chocolate caliente riquisimo latte helado temporada llevar encantaria tomar trabajo excelente servicio,4
23,publik cafeteria ideal grupos grandes si grupo enorme amigos reunen tomar cafe lugar indicado interior suficientemente grande perderse hermoso,4
24,esperaba cafe tipico lugar vivo ambiente tan productivo parece tener mejores vibraciones productividad biblioteca compre john latte decepciono enganche quiero segundo,3
25,gran lugar sabores divertidos gryffindor calabaza especiada compre cafe leche avena caramelo mantequilla marron delicioso interior cafeteria lleno jovenes modernos jajaja senti viejo gran vibra,3
26,cafeteria estilo almacen apuesta tostado verde grandes paneles solares parte superior,4
27,increible espacio excelente cafe ambiente abierto elegante acogedor mismo tiempo personal increiblemente amable cafe sabroso dos pisos cuales parecian grandes espacios leer,3
28,cafe publik lugar ir cafe gran calidad ambiente acogedor comida increible especialmente tostadas,3
29,bien cafe encontre desviarse si vecindario vale pena echarle vistazo,3
30,excelente cafe mal servicio cliente empleados aparentemente dan cuenta hacen gente espere rumbo servicio puede ser tremendamente lento especialmente fines semana persona,3
31,compre gryffindor galleta chispas chocolate tostada brie manzana tan tan bueno,3
32,excelente pequena cafeteria maravilloso ambiente comida bebidas absolutamente excelentes recomendaria especialmente tostadas probe tostada canela tostada queso cabra mermelada tomate,3
33,cafe bueno ambiente wifi completamente caido visite personal parecia tener ningun plan solucionarlo simplemente dijeron mal wifi disculparon parece,3
34,excelente cafe ademas ambiente abierto espacioso definitivamente gran lugar pasar rato amigos charlar incluso habitaciones puertas vidrio si necesitas espacio tranquilo trabajar,3
35,cafe fantastico normalmente tomo cafe leche capuchino personal atento rapido concentrado edificio maravillosamente espacioso cafeteria caracteristica favorita puedes llevar,3
36,cafes favoritos utah comida excelente cafe recien hecho bebidas especiales preparan perfeccion servicio excelente 10 10 si gran bebedor cafe debes intentarlo,3
37,asi ayer faltaban 20 minutos cierre personal amable acogedor vayamos cafe 9 anos tomar cafe 18 probe starbucks beans and brews par cafes clandestinos,3
38,llegamos justo despues abrir ambiente tranquilo asientos arriba abajo,3
39,cafeteria favorita utah seleccion tostadas increible especiales temporada siempre creativos deliciosos concepto abierto cuanto interior tienda encanta puedan ver maquinas tostar cafe,3
40,definitivamente mejores lugares tomar cafe salt lake cafe marca propia delicioso comida increible definitivamente recomendaria cualquiera tostadas personalmente prefiero canela probado mayoria todas geniales,3
41,hombre cuyo olor interesante comentado quiera ido decidi aventurarme lugar animo emprendedor creo mejor manera aumentar valor solo trabajador,3
42,amigo local llevo bastante lejos llegar aqui valio pena vibra tan increible delicioso,3
43,buen servicio buen cafe bonita decoracion ambiente,3
44,buscando tostadores locales visite salt lake city primera vez encontre increible gracias resenas google,3
45,gran lugar disfrutar pasteles divertidos creativos delicioso cafe leche caramelo mantequilla dorada lleno asientos adentro,3
46,barista amable servicial edificio bonito espacioso pedi cafe leche descafeinado helado chocolate blanco miel quemada fondo bebida tantos posos cafe tire pedi kombucha pomelo romero bien,3
47,increibles opciones cafe leche baristas geniales si buscando buena taza cafe slc pocos lugares vale pena visitar,3
48,expreso cafe favoritos slc bebidas siempre siempre deliciosas desearia 24 oz jajaja comida decente picar ambiente excelente estudiar trabajar unica area diria,3
49,literalmente cafeterias geniales tostaduria realmente impresionante cafe clase mundial muchas opciones origen unico mezclas realmente reflexivas dos historias orientadas animarte quedarte estudiar leer,3
50,cafeteria ofrece maravillosa seleccion bebidas cafe artesanales bebidas alcoholicas incluso vino cerveza estilo industrial moderna cafeteria deberia lista visites slc,3
51,lugar increible completamente arruinado servicio extremadamente lento deberia tomar 25 minutos preparar americano simple incluso si mucha gente ademas persona tome pedido deberia avisarte,3
52,gran admirador 3 ubicaciones publiks cafe excelente ambiente primera calidad estudiar mejor 3 ubicaciones,3
53,cafeteria popular espacio coworking martes 10 manana solo quedaban par asientos mucha gente trabajando alli definitivamente cafeteria grande ambiente,4
54,llegue segunda persona fila ordene rapidamente luego espere 30 minutos cafe leche momento bebida aun lista lento servicio actua si tolerarlo negocio,3
55,ocupado lento ambiente genial tomar taza cafe charlar lugares grupos trabajo celebren grandes reuniones muchas mesas pequenas sesiones estudio,4
56,cafe leche azucar moreno leche almendras solo pequeno impulso necesario disfrutar sitios panecillo arandanos humedo lejos gusto edificio,3
57,publik coffee roasters centro slc enorme almacen creado servir delicioso tueste conocido excelentes tostadas capacidad locales organizar reuniones encuentros,3
58,gusta sensacion cafeteria lugar trabajo industrial nombres lindos cafe exclusivo casa lugar genial si vas solo si buscas lugar rapido charlas,4
59,publik coffee roasters pequena tostaduria cafe salt lake city utah calidad cantidad ofrece cafe gourmet refrigerios conexion wifi gratuita gente reuniones aqui probamos mezcla,3
60,publik coffee tienda cafe ensueno dos pisos increibles opciones cafe lugar puedes relajarte trabajar reunirte amigos servicio amigable banos limpios agua autoservicio gratis favoritos duda mejores opciones aqui salt lake city,3
61,aqui dia hacer trabajo remoto buen lugar conectarme super espacioso principio di cuenta nivel superior wifi excelente buena cantidad puntos venta,5
62,espacio vacio bien decorado probablemente razon cuesta 12 dolares cafe 12 onzas llaman extra grande cafe realmente bueno solo espero obtener 4 tragos,3
63,encanta ir publik trabajar estudiar 2 pisos amplios asientos enchufes convierte excelente espacio coworking bebidas deliciosas,3
64,pequeno respiro humanidad amabilidad practicas comerciales eticas lleno bueno contrario gran cafe ambiente impresionante,3
65,servicio amable excelente cafe ambiente agradable tostadores cafe publik verdadero placer encanto area sentarse piso arriba hacen excelente taza cafe cortados super sabrosos,4
66,impresionante cafeteria local excelentes tostadas paninis bebidas cafe tostadas localmente espacio urbano moda centro salt lake city lleno clientes satisfechos hipsters,3
67,buen cafe buen lugar comenzar sesion trabajo productiva,3
68,encanto cafeteria asientos arriba geniales definitivamente visitare proximo viaje salt lake,3
69,fiesta empresa aqui ambiente tan divertido personal increible,4
70,lugares favoritos hacer cosas ambiente super relajado aun zumbido ayuda mantenerte concentrado espacio descansar computadora portatil libros enchufes buena,4
71,servicio increible bebidas arte latte lugar mayor cantidad espacio asientos visto cafeteria definitivamente nuevo lugar acudir necesito excelente bebida espacio trabajo slc,3
72,excelente lugar trabajar encantan tranquilas salas estudio monton puntos venta dondequiera sientes delicioso cafe leche avellanas parfait yogur,3
73,lugar genial solo pase taza cafe llevar personal amable compro granos cafe cafe favorito duda,4
74,ambiente maravilloso bebidas dulces buenisimos muchas gracias,3
75,15 minutos hacer cafe leche helado sencillo empleados parados mientras persona hace realmente eficiente experiencia horrible perdida dinero,2
76,buena comida cafe,3
77,excelente pan hecho mano incluso opciones gf tostada aguacate maravillosa cortas pan rodajas tan gruesas necesitas capa gruesa aguacate acompanar,3
78,encanta lugar mejores espressos doppio probado quiero decir tan bueno casi compre segundo tome dosis cafeina solo disfrutarlo nuevamente,3
79,inmediatamente entras sientes lugar puedes pasar horas trabajando estudiando bien cafe bueno frio caliente tostada aguacate tostada platano dejaron boquiabierto favor visite lugar,4
80,encanta publik quiero advertirles estacionamiento aqui especialmente increible evento strength in shades eventos,4
81,bebidas espresso especiales comienzan tueste exquisito luego agregan sabores delicados complementan perfectamente ser excesivamente dulces cafe artesanal maxima expresion ambiente hipster informal espacio abierto dos pisos asientos excelente luz natural,4
82,excelente cafe espacio trabajo fantastico excelente comunidad empresarial local ubicacion particular ofrece espacio perfecto trabajar individualmente dia reunirse equipo mientras disfrutas,4
83,1010 acabo comer tostada caliente deliciosa queso cabra mermelada frutos rojos maravillosa niebla londinense helada mientras alguien vibraba caja resonancia realmente quiero mundo sabes,3
84,cafe maravilloso gran ambiente salt lake visita cafe tan bueno volvi segunda vez,3
85,buen lugar estacionamiento mejor gente deambula estacionamientos tampoco demas cafe bueno puntos venta escasos,3
86,buena cafeteria local probe cafe leche marido tomo cerveza fria gusto arte cafe corazon lugar parece lugar genial pasar rato amigos trabajar,4
87,cafeteria agradable relajante comenzar vacaciones salt lake city personal servicial amable tostada mermelada fresa queso cabra deliciosa igual cafe,3
88,cada brindis increible delicioso ademas encanta niebla londinense chocolate caliente bebedor cafe todavia amo lugar prometido definitivamente bebe cafe encanta asi cafe debe ser excelente,3
89,excelentes tebebidas servicio ambiente realmente disfruto reunirme aqui negocios ponerme dia amigos recomendable,3
90,encanta publik cafe tan bueno ambiente fantastico edificio amplios asientos grandes espacios abiertos puedo creer supiera acerca lugar aqui verano estudiar trabajar,3
91,buen cafe especialidad buen menu barra merchandising frijoles espresso buenos precios recomende nitro coldbrew,3
92,encanta lugar excelente cafe comida sabrosa baristas amables buen rollo,3
93,pensaste solo preparando taza cafe probablemente centesima dia costumbre realidad introduciendo disparos cavidades corazon humeando sangre oh dulce sangre,3
94,mejor lugar trabajo nomadas digitales ciudad cafe perfecto comidas pequenas wifi super rapido toneladas asientos enchufes mejor publik,4
95,personal parece interior automovil da miedo tranquilos amigables gran cafe 55 estrellas bumbaclaat,3
96,tldr cafe 55 ambiente 55,3
97,excelente cafe tostador sirve menu completo espresso opciones servir espacio industrial amplios asientos menu tostadas,3
98,cafeteria funciona paneles solares techo ofrece salas oficina cerradas alquilar asi gran almacen secundario alquilar bodas reuniones negocios,3
99,cafeteria favorita evangelicos slc sud verdad vengo aqui menudo momentos bastante aleatorios semana cada vez aqui falta noto 2 3 personas reuniones cristianos menudo,3
100,mejores tostadores pequenos gran cafe pequenos bocados espacio ideal reunirse amigos trabajar tranquilamente auriculares veces bastante ruidoso ideal reuniones trabajo,5
101,lugar genial brie manzanas bueno comida bonita bonito lugar cita reunion secreta planear atraco nadie presta atencion,4
102,mejor cafe slc lejos publik siempre lugar llevo amigos vienen quiero mostrarles escena cafe local lugar perfecto estudiar trabajar casa wifi gratuito monton enchufes,4
103,tostada canela mantequilla batida basicamente mejor version cualquier tipo tostada francesa probado muchas opciones tostadas suenan deliciosas cafe genial asientos,4
104,pequenos saltos mesas normales existen principalmente mesas altas necesita enchufesenchufes mesas centrales necesita mesas aqui gente lucha conseguir mesas enchufes si quieres trabajar,3
105,espacio realmente agradable encanta funcionen energia solar asi vine aqui muchas ganas encantara lamentablemente bastante decepcionado cafe capacidad preparar bebida,3
106,deliciosos paninis caro sandwich ambiente bueno pasar rato trabajar,3
107,gran ambiente servicio cliente pedi bebida especial buena podria haber sido dulce sobrealimento espresso esperaba conversion almacen eclectica bien piso,3
108,encanta cafe wifi rapido asientos trajimos computadoras portatiles hicimos trabajo tostadas canela arce deliciosas,3
109,cafe aqui increible trabajadores aqui increibles ambiente gran lugar puedes equivocar moca blanco helado,3
110,gran lugar tomar cafe productos cafe probado publik excelentes encanta especialmente cafe nitro cold brew,3
111,buen cafe estomago sensible cafe fuerte sentado bien encanta asado papua nueva guinea particular sabores disfruto cafe huele increible despues mezclarlo novena mezcla central suave deliciosa,4
112,sabrosa cafeteria tostadora tercera ola personal amable gran espacio muchas mesas,3
113,bastante buen cafe aqui ambiente bastante estandar esperarias tipo cafeteria ultima visita aqui gran experiencia pedi cafe leche tostada aguacate bastante rapido,3
114,ambientes geniales cafeteria bebidas comida fantasticas gran lugar trabajar,3
115,alquilamos lado derecho piso inferior lugar baile formal increible recibi elogios diestro siniestro hermoso lugar directora eventos camille servicial facil trabajar 100 recomendado si pensando usar espacio,2
116,lugar favorito slc solo cafe comida maravillosos sino personal espacio geniales necesites solucion rapida lugar leer trabajar medio dia publik visita obligada,3
117,aqui cita bien probablemente opinion distorsionada hecho persona guapa,3
118,amplio mucha iluminacion natural enchufes piso arriba ideal personas trabajan computadoras portatiles,4
119,aqui tantas veces perdido cuenta siempre excelente cafe espacio amplio agradable trabajar,3
120,excelente lugar desayunar tienda espacio realmente unico relajante novio encanta tomar cafe matcha aqui tostadas realmente deliciosas,3
121,comida excelente lugar enorme hacia frio calefaccion alli lleva chaqueta si piensas teletrabajar ten cuidado internet intermitente,3
122,cafe tranquilo espacio cafe punto comida excelente puedes trabajar alli piso superior tranquilo,4
123,gran lugar pasar rato trabajar tomar cafe abejorro siguiente nivel bueno,3
124,triste acabo tostada comi toda ahora extrano increible ahora vamos cafe esperar delicioso tercera vez aqui siempre supera expectativas vivo wa,3
125,buen ambiente buen servicio cafe leche capuchino excelentes tostada aguacate riquisima,3
126,edificio enorme espacio agradable atmosfera cafeteria tan gigantesca siquiera licuadora ademas bebidas caras tan buenas baristas agradables pasteles siempre ven bien bonito tablero anuncios eventos locales acustica locura,3
127,diseno agradable limpio abierto compre nitro cold brew solo pizca jarabe azucar moreno bollo verduras gruyere super bueno wifi gratis lista reproduccion solida excelente lugar estudiar trabajar,4
128,gusta cafeteria buen cafe espacio sentarse granos aqui buenos preparar casa si bebes cafe verdad cadenas cafeterias granos quemados tostadas aguacate aqui buenas lugar dificil encontrar decepcionara,3
129,encanta lugar lugar imprescindible cada vez visitamos salt lake city perfecto tomar cafe rapido sentarse trabajar buen ambiente,4
130,mejor excelente cafe bebidas espresso bocadillos bastante buenos excelente lugar trabajar puntos venta abierto tarde verdadera ventaja,3
131,opinion mejores ambientes cafeteria trabajar casa lugares sentarse puede haber ruido vez dependiendo hora dia gran cafe grandes pasteles encanta puedas comprar frijoles preparar casa volveremos,3
132,cerca centro buen wifi galletas jengibre melaza cafe leche espacio dos niveles asientos aire libre originales mesas voladizo baristas amigables,3
133,pedi cafe linea recibi encanta cafe definitivamente volvere ordenar aqui,3
134,excelente servicio espacio increible affogato buenisimo vertido heirloom tostado casa paso salt lake city alegramos habernos parado,3
135,espacio bien iluminado amplios ventanales perfecto estudiar charlar amigos moca blanco delicia ingredientes alta calidad servicio excelente,4
136,excelente matcha helado chai caliente sucio lindo interior sensacion comunitaria volveria,3
137,mejor cafeteria encanto ambiente almacen abierto variedad asientos gusta conscientes impacto ambiental,3
138,cafeterias favoritas slc solo cafe excelente bocadillos pasteles deliciosos,3
139,chai capa super espesa canela encima extrano chai sabia aguado,4
140,excelente tostada aguacate hummus probe niebla londres absolutamente deliciosa estetica lugar super cuidada encanta antiguo ambiente rustico toneladas opciones increibles cafeteria chula,4
141,espacio estupendo fresco planta alta baja personal tranquilo comida cafe buenos,3
142,cafe amargo gusto hombre tienda genial ambiente fresco monton salas reuniones lugares eventos fanatico tostadora demasiado basico,4
143,encanta pan campesino queso cabra mermelada fresa ruibarbo 9 mejor cafe frio probado wifi confiable excelente ambiente trabajo,3
144,encanta lugar gran lugar trabajar cafe excelente,3
145,23 355 g granos cafe calidad media si buscas tostador busca sitio si buscas ambiente agradable lentos,3
146,cafeteria chula excelente ambiente opciones cafe probe comida loft piso superior area espaciosa piso principal excelente lugar trabajo remoto,4
147,super sabroso variedad opciones comida bebida amplios asientos mucha luz espacio interesante definitivamente ideal buen cafe slc,5
148,hacia anos tomaba cafe leche tan bueno encanta lugar,3
149,alternativa perfecta grandes cadenas cafeterias mala calidad lugar genial barista emily mata enfermizos cafes leche brown butter gracias increible experiencia bebida sycrett f richardferguson143,4
150,gran lugar reunirse tostada salmon ahumado increible espacio gratuito bienvenida comunidad reuniones trabajo delicioso cafe brindis,3
151,gran lugar reunirse amigos limpio espacioso grandes ventanales luz natural reunion the minimalists gran evento,4
152,amplio espacio excelente cafe tostadas buen ambiente,3
153,cada vez vengo aqui gusta aun cafe excelente precio razonable lugar perfecto trabajar leer altamente recomendado amantes cafe,4
154,ambiente industrial tranquilo acogedor puede vuelva comer trabajar aire libre,3
155,impresionante cafeteria si saliendo vuelo necesita lugar detenerse mientras espera habitacion lista recomendable excelentes baristas excelente ambiente trabajar simplemente reunirse,3
156,excelentes bebidas ambiente tranquilo relajado interior dos historias tiempo espera similar starbucks,3
157,cafe leche especiado delicioso genial hablar chicas detras mostrador personalidades maravillosas estrella hailie fenomenales gran impacto experiencia sandwich,4
158,lugar maravilloso reunirse dos amigos incluso libro computadora portatil mejor servicio puedas pedir ademas mejor cafe,3
159,chai vainilla mantequilla mani platano tostadas delicioso,3
160,hermoso grande cafe jovenes van hacer tarea leer estudiar etc moderno delicioso espacio pasar rato,3
161,siempre lugar concurrido animado buen cafe hecho mimo consigue galleta chispas chocolate salada mientras alli mejores probado,3
162,visitando ciudad siempre trate encontrar buen lugar local conseguir goteo bien elaborado bolsa buenos frijoles decepcione pague 44 bolsa frijoles 34 libra gotero,3
163,encanta espacio cafe excelente lugar divertido trabajar forma remota di 4 estrellas lugar 5 mesas espacio trabajo espaciados manera incomoda fantastico,3
164,di dos visitas publik ambas peor cafe peor servicio ahora ambiente genial grande cafeteria parece hacerlo comodo bastante ocupado dos dias alli asi obviamente mucha gente gusta,4
165,duda mejor cafe probado utah partidario bebidas cafe dulces snob trata granos calidad compre cafe leche avena helado 16 onzas 6 tragos espresso digo,2
166,empresa celebro aqui fiesta navidad comida fantastico,4
167,bonito lugar estacionamiento apesta terriblemente quita ambiente solo cuenta aparcar puede ser desafio cafe excelente comida excelente ambiente excelente simplemente lugar genial pasar rato tomar copa,4
168,sido cliente publik coffee anos siempre experiencia agradable ultimas visitas sido deficientes pedi capuchino ultimas dos veces ambas veces tibias forma minima principalmente,3
169,gran lugar abierto 6 p m domingos cafe realmente excelente galleta chispas chocolate super sabrosa pastel clementinas fresco gran sabor definitivamente vale pena visitarlo,4
170,publik cafeteria local voy si quiero darme capricho bebida cafeina moka buenos dias si simplemente quiero salir trabajar lugar publico,3
171,novias novios organizadores fiestas oidme oidme lugar asombroso ambiente industrial parece pizarra blanco crear espacio eventos aqui lugar necesita desea,4
172,publik siempre genial personal realmente amable servicio rapido lugar siempre limpio gran lugar tomar taza cafe amigo publicar trabajar suele bastante concurrido pesar ello nivel ruido bajo gran lugar,4
173,compre tostadas hummus cafe leche temporada todas cafeterias probe salt lake city mientras visita preparo buena taza cafe demasiado dulce ciertamente tomado fantasticas tazas cafe zonas pais absolutamente regresaria cafeteria,3
174,chai increiblemente sabroso encantan opciones musica fondo chico trenzas parece agradable demas distantes lugar concurrido asi nbd pequena objecion desearia asientos blandos aunque puede ser control deliberado multitudes,4
175,disfrute ambiente aqui tostada aguacate maravillosa tome cerveza fria quede impresionado forma alimentan lugar relajado luminoso gusto proceso produccion expuesto traves cristal industrial acogedor definitivamente volvere aqui,3
176,sinceramente john cafe leche unico demasiado dulce puedo ver tan popular,4
177,lugar paraiso cafe gran servicio gente agradable definitivamente vale pena regresar,3
178,publik cabra todas cafeterias utah cabra tomar cafe visito muchas cafeterias cada semana cafeterias buenas publik esfuerzas ser si negocio cafe,3
179,mejores bagels queso crema probado tres nueva jersey comido bagels puedo contar vida quede impresionado bien hecho servicio excelente amable,3
180,deliciosas bebidas personal amable buena comida buen ambiente,3
181,mejores lugares salt lake city quizas utah tomar sorbo,3
182,celebramos boda aqui espacio maravilloso daria 5 estrellas si solo tratara espacio pudimos traer luces flores etc acogedor maravilloso,3
183,espacioso dos plantas bonita zona barista maquinas espresso buen cafe,3
184,lugar genial pocas cafeterias visitado salt lake city realmente prepara buen cafe comida buenisima,4
185,alli celebrar vida amigo fallecido excelente comida servicio,3
186,lugar maravilloso edificio hermoso lugares sentarse visitar cafe genial,4
187,aqui cuestion menu increible bebidas temporada creativas fragantes creo cafe amargo general bien tostado preparado sabor calidad servicio suele ser amable,3
188,moca delicioso tamano grande simplemente perfecto espacio abierto tienda genial,4
189,acuerdo todas resenas continuacion cafe aqui increible especialmente bebidas especiales mes lemony snicket increible ambiente excelente estudiar refrigerios deliciosos probe panini champinones mejor probado vida,3
190,parada the publik 5 estrellas gracias amigos encanta ambiente menu genial realidad demasiado cerca casa demasiado conveniente preocupes consistencia comida simplemente genial,4
191,lugar potencial infinito personal innecesariamente lento necesita ser reentrenado reemplazado,3
192,encanto cafeteria domingo mediodia piso arriba abajo espacio reunirte amigos conectar computadora portatil trabajar,3
193,pase muchas veces finalmente detuve revision basada solo 1 visita americano bollo arandanos bebida parecio tardar esperaba bastante ocupado creo preparando,3
194,hice varios viajes salt lake city meses abril septiembre 2022 publik lugar realmente encantador personal innecesariamente lento cafe realmente especial bollo queso jalapeno,3
195,cafe latte favoritos salt lake city ayer probe increible latte agua rosas scone gruyere cebolla francesa nunca decepciona normalmente encantan lattes azucar moreno caramelo,3
196,hermosa cafeteria enorme funciona energia solar banos bonitos dejando lado trucos variedades cafe saben bien varios metodos rotura disponibles visto,3
197,comida genial espacio increible razon doy 3 personal amable tres veces ido experiencia reserva sala reuniones podria mejorarse,4
198,sugerencia agregar fieltro debajo sillas sonido personas deslizan sillas fuerte perturbador raspa concreto aparte molestia lindo lugar puedo creer propietarios dado cuenta todavia,3
199,duda mejor cafe utah preguntas fin ignore cualquier critica negativa diga mala notaras mayoria van cafeteria sirenita tontos idea sabe buen,2
200,mejor cafeteria valle trabajar relajarse ambiente aqui relajante dos pisos encontrar mesa puede,3
201,ex odiaba lugar encanta gran lugar reunirse trabajar solo colaborar pensar habitaciones pequenas tranquilas piso arriba si cafeteria ruidosa distrae demasiado encanta charla publik,3
202,dos pourovers tostada salmon ahumado buenos,3
203,gran cafeteria perfecta terminar tareas fin semana deberes siempre lugar aunque ocupado,4
204,comida cafe deliciosos puede resultar caro si consiguen ambos,3
205,organice evento publik space principios ano perfecto fantastico trabajar ashlee comunicacion facil orientada detalles aseguro agrado espacio hermoso perfecto evento definitivamente volvere ser anfitrion,4
206,ok cafe genial especificamente comprar bolsa granos cafe descafeinado,4
207,lugar fenomenal informal amigable delicioso estetica edificio sola suficiente atraer visitantes clientes utilizan energia solar alimentar edificio preocupan dejar huella,3
208,cafe publik experiencia bastante interesante edificio parece viejo desgastado vez entras notas moderno moderno,3
209,encanta sensacion almacen lugar mezcla ambiente vintage hipster ah hacen taza cafe excelente asientos dos niveles disponibles salas conferencias reuniones reunido clientes aqui hacer negocios nunca decepcionado,3
210,gran fan publik sido anos aunque covid desafortunadamente cerca visitarlo cafe probablemente duda mejor cafe utah nadie puede superar espresso comida,4
211,frecuento lugar ciudad principalmente tostadas salmon ahumado edificio fresco espacio sentarse trabajar computadora portatil,3
212,ambos lugares hermosos personal agradable general persona toma pedido actua si supiera alli segura saber cafe baristas habiles general,3
213,lugar sido lugares favoritos tiempo buen cafe personal amable 45 estrellas siempre gran fila cada vez concurrida medida pasa tiempo excelente propietarios,3
214,encanta matiz lugar aqui definitivamente puedo hacer trabajo supuesto cafe,3
215,haciendo bien bebidas espresso increibles cerveza fria genial ambiente relajado incluso banos geniales facil ver lavan manos ahora lugar ir salt lake,4
216,lugar realmente tranquilo espacio trabajarestudiar bonitos ventanales grandes piso superior mesas salas puedes reservar reuniones reales buen cafe personal agradable definitivamente recomendaria visitar lugar,4
217,increible enfoque buen producto atmosfera personal publik sabe hace trata cafe espresso fuertes frecuencia tomo cerveza fria espresso hielo tostadas aguacate opto llevarme casa,3
218,ambiente tan agradable excelente ubicacion chai helado perfecto,4
219,excelente cafe excelente recomendacion granos llevar casa,3
220,publik duda mejor cafeteria probado denver maravillosas cafeterias todas partes sigue siendo mejor desearia denver tanta suerte salt lake tener maravillosos,3
221,personal super amable atento ambiente relajado tranquilo sereno deberia haber pasado quedarme rato hacer,4
222,encanto cafe publik vengo aqui varias veces semana embargo ultimos 6 meses nuevos trabajadores logrado quiera ir nunca ultimas 4 veces pedido sido incorrecto muchas veces,3
223,conoci amigo aqui sorprendio saber lugar adjunto cafe elabora casa ambiente realmente acogedor diseno abierto entrepiso realmente dejan entrar luz natural hacen lugar acogedor volvere disfrutare elementos menu,4
224,atmosfera tan increible realmente encanto cafeteria bebida tome espacios separados piso arriba puedes trabajar privado si deseas,3
225,mejores cafeterias slc tostando cafe casa,3
226,lugar veia super elegante genial asi amigos emocionados probarlo lamentablemente chocolates calientes pedimos absolutamente asquerosos practicamente sabor sabian leche,5
227,encanto aqui ambiente increible senti mucha privacidad diseno interior realmente animo ser creativo bebidas comida deliciosas definitivamente regresare altamente recomendado actividades sociales trabajar estudiar relajarse simplemente tomar copa,3
228,increiblemente impresionado tanta gente personal todavia tomo hora conseguir comida,3
229,tostada queso cabra mermelada tomate reliquia,3
230,solo siempre vengo aqui hago mantenimiento auto buena estetica semiindustrialmoderna enchufes electricos atrae exactamente tipo publico esperarias seleccion tostadas cara sabrosa muchas,4
231,ambiente acogedor asientos incomodos numero asientos mesa limitado banos discretos segundo piso deberia indicar pretencioso lugar probe scone fresco,3
232,guau esposa felices haber encontrado finalmente cafeteria seria slc baristas aqui toman serio trabajo amables comi muffins veganos delicioso,3
233,duda mejor cafe leche probado slc,3
234,increible increible entorno nota cuanto esfuerzo diseno puso cada aspecto tienda asientos diseno interior salas conferencias incluso wifi increibles todavia probado gran parte menu,3
235,disfruto cafe publik hoy experiencia agradable vengo aqui solo delicioso cafe sino hecho ofrecen tostadas gf alucinante pedimos bebida comida luego sentamos,3
236,gran lugar tomar bebida expreso bien hecha asientos trabajar wifi gratuito,3
237,encantan todas ubicaciones publik pan espectacular envidia diseno banos aprecio paneles solares compromiso planeta hacen bitchin latte cualquier cosa puedas pedir pan campesino dejara contento salivando pensando comer aqui,3
238,precioso lugar estudiar trabajar excelente cafe acompanado excelente comida personal amable ire nuevo,3
239,gran espacio espacio aquellos quieran utilizar computadora portatil buen ambiente personal maravilloso chai excelente mocha pequena precio solida excepcional si barrio vale pena detenerse,3
240,asisti boda loca personal apoyo hizo gran trabajo alrededor 200 invitados,3
241,excelente cafe comida lugar fresco personal siempre dispuesto servirle productos lugar increible trabajar rato hacer cosas todas ubicaciones publik 5 estrellas,3
242,primera visita hija encantan cafeterias locales encantada llevarme primera visita slc decepcione baristas amables serviciales cafe excelente espero volver,3
243,utilizamos espacio lugar celebracion bodas lugar ve hermoso super genial esteticamente gente trabajas dificil condescendiente casi imposible contactar agente,5
244,excelente combinacion cafe tostadas espacio trabajar hermosa vista montanas minimo ruido encanta publik haciendo parte medio ambiente consciente huella volveremos,3
245,cafe comida excepcionales tostada tomate mundo cafe siempre consistente,3
246,lugar excelente tomar cafe reuniones trabajar cafe tostado casa garantiza frescura delicioso sabor asientos tomar taza acomodarse trabajar arduamente recomiendo muchisimo,3
247,local grandes espacios puedes tomarte tiempo publico bastante joven productivo aqui trabajo remoto personal amable buen cafe,3
248,cafe fantastico tostado molido elaborado prestando atencion calidad cada etapa frijoles fantasticos etiope particularmente maravilloso,3
249,lugar simplemente genial encanta cafe comida encanta edificio ambiente gran lugar trabajar realizar reuniones,4
250,viajo visito cafeterias mundo publik ocupa primer lugar lista tiendas visitado escatimado detalles esfuerzo crear gran experiencia tienda increible minimo,3
251,cafe fresco hipster exterior extrano industrial pense lugar equivocado llegue inicialmente vera gran habitacion vacia alquilan continue adentro llegar mostrador estacionamiento limitado,3
252,mejores lattes probado ojala quedado disfrutar entorno,3
253,creo cafeteria elegantes tal ambiente destaca diamante rocas sorprende personal lugar recuerdan empresa tostadora solia ser area cerca biblioteca centro si vas alli decepcionaras prometo,3
254,diamante bruto primero nunca oido hablar lugar boda alli super agradable montaje rustico bonito transicion lenta deberia haber sido comida,4
255,buen cafe tome cerveza casera tostada aguacate deliciosa ruidoso abajo asientos arriba buen lugar reunion definitivamente regresare,3
256,excelente cafe comida,3
257,gusta ambiente lugar puede haber mucha gente fin semana aparcar puede ser molestia cafe excelente servicio rapido,3
258,dificil llegar lugar justo salir autopista vale pena dar vuelta cuadra tomo cafe muelo diariamente tienda goteo lento gran variedad vinimos,3
259,mejor cafe slc lugar dudas fantastico espacio abierto tipo industrial dos pisos relajarse cafe siempre delicioso opciones lotes pequenos origen unico varian segun temporada buen refrigerio pruebe muchas opciones tostadas,3
260,lugar legitimo encanta ambiente habitaciones abiertas industriales bebidas buenas baristas agradables ojala sirvieran comida ademas tostadas diferentes aderezos tostada aguacate aun deliciosa,3
261,lugar perfecto mostrar salt lake city amigos familiares visitantes lugar perfecto reunirse amigos tener reunion negocios simplemente tomar taza cafe solas espacio,4
262,tostada platano pb deliciosa pan espeso tostado perfectamente cafe solido,3
263,segunda vez probamos lugar primera vez hace aproximadamente ano tampoco impresiono decidimos darle oportunidad dos bebidas pedimos terribles mencionar,3
264,cafe increible definitivamente mejores ciudad embargo miembros personal pueden engreidos saben preparan mejor cafe tienda gran lugar descansar trabajar increiblemente limpia,3
265,cafe increible gran lugar venir estudiar trabajar cafe leche favorito momento dura tan bueno,3
266,hermoso interior delicioso cafe baristas amables ademas agradable puedes cerca gente abajo mantenerte solo arriba nota margen incluso banos bonitos,3
267,gran ambiente personal amable cafe espresso increibles varias bebidas especiales temporada encanta matcha latte tostadas productos panaderia siempre frescos deliciosos venimos aqui tiempo,3
268,comida cara adoro cafe aqui recomiendo honestly john bebida caliente vengo aqui menudo estudiar pasar tiempo amigos,4
269,cafe bueno excelente siempre bien preparado linea puede ser lenta ineficiente comida hipster tostadas mermelada mantequilla mani abundante lugar puede ser ruidoso mesas caoticas general gran lugar reunirse amigos tomar cafe,3
270,impresionante espacio gente dulce sistema pedido alimentos necesita mejorar nombres dicen claramente cualquiera puede tomar plato si suficiente confianza,3
271,ambiente fresco deliciosas tostadas aguacate matcha latte,3
272,encanta lugar unico inconveniente siempre lleno estacionamiento limitado,3
273,excelente lugar trabajar siempre consigas asientos bar mesa comodas sillas bien dificil trabajar cafe bastante bueno encanta tostada aguacate,3
274,gran instalacion edificio ofrecer salas reuniones pasarela genial piso arriba cafe super bueno gran ambiente baristas geniales hicieron sentir bienvenidos,5
275,gran lugar tomar delicioso cafe sentarse escribir leer tiempo desee asientos menu unico mermelada deliciosa tome granos cafe tomar cafe casa,3
276,ubicacion principal publik realizado recientemente cambios refrescantes necesarios personal aumentado profesionalismo velocidad servicio nivel calidez hacia clientes disfruto,3
277,encanto ambiente cafeteria escondida cafe parecio amargo podria haber sido sabor elegi encanta sala tostado visible clientes divertido ver tostador trabajar detras escena,3
278,bonita cafeteria muchas mesas trabajar edificio unico techos altos concepto espacio abierto alli escribo sirven cafe alta calidad bebidas especiales refrigerios saludables wifi rapido gratuito personal amable servicial,3
279,cafe realmente delicioso ubicacion encantadora espaciosa llena bastante fines semana aparte ninguna queja feliz comunidad nuevo emocionante publik,3
280,empleado masculino castano fibroso pelo largo casi insoportable breve transaccion nunca visto alguien tan molesto simplemente existir ayudar cliente bastante seguro haberlo visto,3
281,primera vez hoy 060916 amo medio ambiente gente trabaja alli cena buen cafe punto,3
282,gusta publik gran lugar reunion amigos embargo cafe aqui favorito opinion personal modos tostadas deliciosas ambiente amigable recomiendo tostadas hummus platano,3
283,guau impresionado ahora entiendo muchas resenas publik tan extensas,3
284,justo encanta escuchar agradecemos enormemente carino publik esforzamos ofrecer experiencia agradecemos tomado tiempo hacernoslo saber,3
285,buena comida cafe increible ama ambiente espacio comunitario,3
286,esposa probamos par cafeteriastostadores diferentes 3 dias salt lake publik facilmente favorito espacio almacen aspecto atractivo cafe delicioso,3
287,cafe favorito slc excelentes cafes leche comida personal siempre amable genial aqui tiempo luchare cualquiera menos cinco estrellas diga contrario,4
288,primera vez aqui quiche tomate albahaca avena avena puso adorablemente taza cafe grande tan lindo tan delicioso disfrute tiempo charlando querido amigo tomando delicioso desayuno,3
289,necesitaba desayuno oficina manana 8 personas decidi probar nueva publik kitchen calles 9 9 gran decision personal super amable pedido esperandome llegue 8 am lugar parecia increible puedo esperar cenar proxima vez,4
290,oportunidad colaborar sesion fotos bodas lgbtq publik coffee junio pasado publik solo mejores cafes probado sino propietarios personal personas increibles,3
291,puedo ver lugar calificacion tan alta edificio bastante grande lugares sentarse buen ambiente hacen cafe increible definitivamente mejores cafeterias zona,3
292,matcha increible servicio amable cafes leche ninos buenos,3
293,podria ser mejor cafeteria vida cafe fenomenal,3
294,solo aqui punado veces asi puedo hablar aqui experiencia momento hecho trabajo encantador instalacion creci sabiendo area coca cola bottling co,3
295,favoritos excelente cafe ambiente definitivamente politico si importa gran lugar estudioreunion,3
296,buen cafe caro lleno aparcar puede ser problema mal sitio pasar rato recomiendo biblioteca si buscas tranquilidad bueno bien,3
297,personal amable servicial cafe excelente tome gran desayuno hicieron favor pedi ayuda lugar comun totalmente recomendado,4
298,buena comida ambiente cafe decepcionado asado ligero ofrecieron vertido opte tueste medio realmente encantado tostado ligero tostada salmon ahumado increible,3
299,ambiente bueno duda sensacion almacen antiguo deteriorado ladrillos madera metal vista embargo par cosas molestaron cafe usan americanos bastante insipido,3
300,cafe excepcional goteo casero mejor cualquier cosa probado slc cafes origen unico cafes base espresso buena comida servicio amable espacio mucha luz wifi solido podrias querer,3
301,organice baby shower espacio eventos publik perfecto lugar tan genial flexibilidad hacer queria increible altamente recomendado,4
302,raro encontrar cafeteria slc atmosfera parece stumptown sightglass u cafeteria estilo destino costa oeste aprecio ofertas cafe tostadas ambos excelentes,3
303,excelentes bebidas espresso matcha helado realmente bueno sirven comidas completas variedad pasteles bollos varias opciones aderezos tostadas caso apetezca clasica tostada aguacate,3
304,buen cafe salon bonito servicio puede ser descafeinado millennials adorables totalmente perdonables latte favorito salt lake city sorprendera saber sirven tostadas aguacate 4,3
305,encanta ambiente servicio amable bebidas cafe especialidad siempre sido maravillosas combinaciones sabores creativas comida increible lugar favorito ir tomar cafe actualmente,3
306,solo pase reunion rapida tomar cafe pedi niebla londres realmente buena ambiente increible 2 plantas abierto,3
307,maravillosa cafeteria grande caracter baristas talentosos dos niveles salas privadas estudio grupo sofas sillas conversaciones informales bien espaciados brindar privacidad,3
308,daria lugar cero estrellas si pudiera empleados groseros empleados dunkin donuts dd mejor cafe estacionamiento asientos siempre horribles general completamente impresionado,2
309,espresso mejor ubicacion tercera avenida ubicacion acogedora lugar demasiado ocupado ser hipster industrial incluso jabon polvo bano bruto tres estrellas solo ubicacion maravillosa,3
310,bueno cafe comida buenos malo si sientas arriba recibiras bandeja subir pedido hecho,3
311,entonces amigo recientemente buscando mejor taza cafe salt lake publik ciertamente carrera servicio amable excelente cafe ubicacion bastante facil llegar visitanos decepcionara,3
312,lugar favorito slc cafe comida increibles gran lugar estudiar asientos enchufes internet rapido personal realmente amable hecho buenas recomendaciones voy aqui todas semanas compruebalo,3
313,nunca lugar increible limpio cafe fantastico ambiente relajado lugar ideal relajarse trabajar si quiere molesten,4
314,personal realmente genial mejores asados alto nivel atencion detalle posiblemente espacio sexy ciudad cafeteria ah comida buena aqui precios locura increiblemente alta calidad productos bien hecho,4
315,ambiente agradable soporto baristas atrevidos encanta cafe opciones comida espero traten mejor pedi chai sucio barista actuo si extrano comentarios,3
316,cafe pan ambiente increibles servicio lento cafes salieron frios debido sigue siendo gran lugar relajarse trabajar,3
317,persona especial trajo aqui consiguio tostadas aguacate nunca pensare lugar hace mejor diria aguacate sal pimienta hechos amor ingredientes secretos,4
318,editando resena decir mermelada descafeinada asado increible delicioso probado tiempo suficiente estrella extra decepciono solo dos asados disponibles caros tostadores,3
319,gran edificio industrial convertido comodo lugar reunion excelente cafe fantasticos cafes leche siempre servidos latte art comida sabrosa precio realista,3
320,amigo celebro boda aqui lugar sala bastante grande celebrar eventos ambiente antiguo justo necesitaba recepcion interactue ningun miembro personal visto bueno lugar boda u evento familiar,3
321,bonito espacio pasar rato embargo decepcionante crema espesa ofrezcan cafe prueba balas personas hacen dieta cetobaja carbohidratos limitarse whole foods starbucks cafes salt lake,3
322,mejor espacio trabajo cafe wifi ut,3
323,buena comida cafe servicio 1 estrella mckayeighlee aunque grosero preguntar si hacian brunch fin semana extrano,3
324,encantan tostadas mantequilla cacahuete probado varias bebidas todas encantado postres horneados deliciosos equivocas,3
325,cafe aqui siempre gran calidad comida gran calidad caro precio paga cosas buenas extremadamente limpio profesional,3
326,gusta espacio vibraciones buen servicio embargo probe cafe leche bueno entonces probe espresso americano ningun sustituto leche azucar bien sabe cafe agrio quemado,3
327,gran cafeteria buen ambiente admiro arduo trabajo necesita hacer lugar embargo cambie 4 estrellas debido preparacion capuchino capuchino aqui cafe leche taza,3
328,tostadas impresionantes espresso repulsivo extremadamente amargo dieron razones amargo ninguna persona haga espresso sano juicio puede tolerar excelente ubicacion,3
329,celebramos boda aqui simplemente espacio increible habitaciones disponibles si alguna vez desea trabajar sitio equipo trabajo buena comida cafe,3
330,excelente lugar trabajar diseno abierto mucha luz natural tostadas deliciosas gran calidad,4
331,cafe wifi servicio primera categoria ubicacion decente espacio mayoria sillas toma corriente aspecto modernocontemporaneo necesitas,3
332,encontre espresso increible aqui slc ahora esperando sirvan asado costa rica ahora feliz,3
333,cafe increible excelente espresso edificio antiguo crea ambiente hipster genial solo punado lugares slc puedes tomar buen espresso mejores,4
334,cafe increible espacio genial,4
335,ocupado domingo mediodia cafe bueno ubicacion bastante buena podria hacer mejor trabajo limpiando mesas,3
336,encanto lugar cafe delicioso tostadas increibles encanto seleccion tes granel espacio enorme abierto cosas amigables utiles,3
337,lugar siempre increible excelente comida excelente servicio excelente cafe brindy especialmente increible super complaciente cada vez visito pregunta nombre lugar verdaderamente excepcional must slc,4
338,si pille mal dia primera impresion estelar chico tomo pedido saludo siquiera miro dijo,3
339,ay paul resena queramos recibir atipica encantaria saber hora llegaste poder solucionarlo encantaria invitarte proxima bebida pastel si das oportunidad,3
340,voy aqui varias veces semana cafeteria favorita alturas conocen nombre genial venir sentarse trabajar dia quieras mientras bebes bien,4
341,reservando boda espacio eventos revisamos folleto precios programamos cita temprana llamar hacer deposito llego momento informaron duplicado fecha,3
342,lugar mejor leche almendras probado vida recomendaria probar capuchino leche almendras tiempo lleva preparar cafe largo mayoria cafeterias calidad vale espera,3
343,servicio cafe va cuesta abajo totalmente arruinado servido frio,3
344,cafe increible mejores slc ofrecer gran lugar trabajarestudiar puede ocupado puede tener dificultades encontrar asiento tienda cerca,3
345,cafe increible delicioso bollo jalapenocheddar cafe leche vengo cali precios razonables,3
346,encanta lugar gran ambiente baristas talentosos si quieres tomar cafe rapido ve starbucks lugar bien ambiente relajado,3
347,gran reutilizacion antiguo edificio almacen aqui espacio sentarse trabajar computadora portatil incluso salas conferencias cafe excelente encanto tostada mantequilla mani platano,3
348,cafeteria concurrida asientos adecuados arriba abajo gran seleccion bebidas especiales gran menu clasico bebidas pequenas valen pena,3
349,acabo organizar evento usando espacio eventos perfecto personal increible ayudando pudo evento transcurriera mejor posible definitivamente volvere utilizar espacio eventos,4
350,personal maravilloso opciones panpasteles veganos gluten bastante buenas normalmente tomo gorra cafe leche temporada sido buen cambio,3
351,realmente bueno servir cafe buen espresso adecuado personal conoce procesos tostado buen ambiente personal educado plus practicas comerciales eticas extremadamente conscientes impacto apoya negocios locales,3
352,cafe ridiculamente bueno ambiente ambiente tan modernos industriales encanto tostada ay tostada tan elegante deliciosa comprobarlo mismo,3
353,impresionante cafeteria espacio moderno espacioso ambiente fresco disponen amplios salones eventos reuniones congresos utilizan energia renovable,3
354,encanta lugar cafeteria favorita utah,3
355,gran lugar trabajar,3
356,simplemente perfecto,4
357,cafe excelente ambiente aun mejor lugares favoritos tomar cafe visito salt lake city primera visita increible hace volver,3
358,cafe delicioso asientos dos pisos general buen rollo unicas cafeterias suficiente capacidad bano,3
359,cafeteria favorita salt lake bonitas zonas trabajar buen cafe,3
360,cafe solido ofertas unicas excelente lugar pasar rato trabajar etc salas colaboracion segundo piso,3
361,buen cafe buen ambiente internet rapido aunque asientos acogedores tienda pueda trabajar casa dia aun asi favoritas ciudad,3
362,asi aficionado cafe solo tipo americano doble trago aqui favor veces llevar veces echo leche negra voy publik sencilla cafe,4
363,despues nevar toda noche hace falta bueno empezar ademas oferta clasica empresa tostadora cafe publik ofrece seleccion cafe filtrado origen unico pedi cafe kenia bueno disfrute recien servido empleados disfrutaron trabajo,3
364,si espacio coworking favorito cafeteria hiciera propio tueste ambiente respetuoso medio ambiente publik pd organizan eventos,3
365,lejos mejores asados slc trucos sabores desagradables disfrazar golosos encubrir mal cafe importa trabajando leche cuece vapor perfeccion ah tostadas queso cabra mermelada extraordinarias,3
366,gran cafe tostadas hummus hummus laziz tostada espesa espacio brinda oportunidad encontrar propio rincon si buscas refugiarte,3
367,mejor cadena cafe local slc cerveza fria nitro genial ubicacion frente west temple espaciosa moderna bonitas vistas montanas,4
368,gran lugar tomar taza bolsa frijoles cinco estrellas lugar menudo cierra temprano debido eventos privados creo cerrado tres veces ve aves evitar problema,3
369,gran cafeteria salt lake city par dias termine viniendo aqui dos mananas excelente cafe agradable espacio trabajar,3
370,3 opciones barra vertido origen unico increible nicaraguense bastante bueno lugar pequena agradable area piso arriba,3
371,gran ambiente gran tostada aguacate aficionado cafe sabor fruta deberia haber ido chai espresso,3
372,aqui par veces pasando slc gran cafeteria espacio varias salas reuniones privadas conocedor cafe cosas parecen buenas,3
373,enorme biblioteca latte cortado ambos geniales tostadas salmon ahumado 9 caras bastante basicas,3
374,ser tarde dia opte summer limeaid fresco refrescante servicio profesional cortes llegamos 545 pudimos quedarnos 20 minutos despues elegir hora,3
375,aqui hoy apartamentos vecinos bastante bien ultima vez cafeteria 1995 barberia si ahora diria 5 estrellas dire 5 estrellas,2
376,buen servicio comida decente ambiente parece bar cafeteria,3
377,bueno ambiente fresco pedi tostada nunca recibi hora parecia mucha confusion pedidos comida,2
378,probe cafe tostado myanmar vertido mesa bastante bueno aunque demasiado afrutado disfrute probando nuevo personal amable servicial gusta espacio relajado comodo,3
379,cafeteria enorme principio gusta luego abruma entorno hace sentir si tomando cafe medio realidad aumenta encanto final menos espero cafes lugares hogarenos,3
380,hola creemos disfrutaste experiencia tal vez guste ubicacion avenues mismo delicioso cafe pasteleria tostadas ambiente solo pequeno pintoresco acogedor,3
381,publik cafe excelente punto ademas multiplican beneficios gran espacio eventos,3
382,aqui enchufe descarado lugares cool slc velocidades wifi publico reales 39 mbps bajada 1851 subida,4
383,menu facil ver justo caja registradora solo hacen menu cafe intenso sabor tomillo razon di 3 estrellas si cafe sido perfecto,4
384,almacen bien decorado convertido cafeteria acogedor espacios abiertos zonas tranquilas estudio reuniones banos bonitos,3
385,probablemente mejor cafe filtrado probado jamas sabia vertido buen ambiente fmh recomendable,3
386,ambiente impresionante aqui recepcion centro eventos versatil simplemente gran espacio abierto iluminacion moderna uniforme ambiente industrial excelente ubicacion,3
387,gran bagel cafe salmon ahumado lugar perfecto trabajar toneladas asientos subiendo bajando escaleras salas trabajo piso arriba,4
388,ambiente bueno cafe filtro asqueroso agrio espresso crema tiradores baristas mediocres,3
389,buen cafe lugar bueno sesiones fotograficas trabajar,3
390,cafe ambiente increibles probe cafeterias corto viaje salt lake publik duda mejor taza,3
391,manana tomar taza cafe llevar segundo fila detras gente ordenaba pregunte si hacian cafe llevar chica dijo solo pidalo 3 baristas ocupados,3
392,encanta probar cafeterias locales ciudad negocios encontre despues visitar tienda antiguedades servicio excelente cafe excepcional gracias probar diferente,3
393,realmente amo lugar gustaria senalar si tipo culo gordo lugar apesta jajaja pequenos taburetes bar sentado bordes pequenas sillas caderas,3
394,bonito lugar excelente cafe particularmente cerveza nitro aunque veces comida cafeteria implica cafe regular caso publik comida deliciosa,3
395,cafe tostado killer house par mejores especializan tecnicas tostado ligeras realmente resaltan sabores naturales,2
396,moderno moderno acogedor disfrute estancia alli note atrae multitud creativa artistica cafe genial mejor precio aunque exigente cafe,4
397,edificio espacio distribucion etc frescos limpios embargo cafe demasiado caro mejor casos mediocre promedio starbucks mejor cafe ultima opcion,3
398,lugar tan asombroso gran parada matutina propietario apasionado construido gran cultura empresarial arquitectura impresionante ah salas conferencias puedes alquilar horas,3
399,lugar realmente agradable gran ambiente productos gran calidad galletas mejores puedo recordar ultimos tiempos,3
400,gran cafe area tipo loft excelente organizar reuniones fines semana cuenta amplio espacio grupo grande,3
401,excelentes bebidas espacio increible opcion ideal aficionado cafe necesita espacio trabajar buenas opciones comida caro pretencioso,4
402,gran personal comida deliciosa saludable cafe increible ojala viviera aqui poder venir tiempo,3
403,cafe inmejorable servicio impecable tostada aguacate deliciosa,3
404,voy aqui trabajar buena cantidad asientos bebidas buena calidad dificil encontrar ambos cualquier lugar,3
405,opinion diferencia mejor lugar tostar tomar cafe slc calidad cafe excelente baristas increiblemente talentosos,3
406,cafes leche mochas increibles utilizan chocolate calidad leche avena servicio rapido mejor si prisa,3
407,cafe premium aqui opciones comida igualmente impresionantes espacio sentarse trabajar,3
408,gran cafeteria enorme acogedora personal bien informado monton opciones recomendaria definitivamente regresaria,3
409,elegante nancy creame tan delicioso puedo decir suficiente ambiente relajado publik dia extraordinario,3
410,alguien agarro mocha suficientemente amables hacerme nuevo gran ambiente espacioso deliciosas tostadas buen cafe,3
411,mejor cafe obtienes pagas esposa seguimos regresando vivimos santaquin asi dice gusta,3
412,primera vez lugar cafe excelente pedi platano mantequilla cacahuete tostadas igual ricas cafe volvere,3
413,lugar fantastico ve hermoso gran factor decisivo generalmente gusta trabajar leer tarde lugar cierra demasiado temprano si decido quiero ir aqui 3 4 realmente desanima abierto tiempo suficiente,3
414,hola johan entendemos desafortunadamente organizamos eventos privados noches sustentan 8000 pies cuadrados cafeteria cerrar 6 p m ubicacion avenues abierta 8 p m,3
415,granola favorita gran ambiente servicio amable comida siempre perfecta prueba tostadas pide muelen bolsa frijoles lleves casa,4
416,mejores cafeterias slc lugar solido eliminar horas trabajo ponerse dia gente,3
417,asisti boda salon recepcion decoracion cargo pareja catering empresa externa entorno realmente contribuyo atmosfera,3
418,excelente dejaron realizar servicio aqui hacen ambiente encantador excelente cafe precioso precioso lugar,3
419,menta bomba,3
420,gran mermelada local excelentes tes comida buena excelente servicio cliente cada vez nuevo favorito,3
421,servicio rapido ambiente animado deliciosas mermeladas caseras deliciosos productos horneados lugar ideal reunion,4
422,buen cafe lugar estudio increible grupos cualquier tamano nivel ruido estetica industrial elegante ecologica,3
423,pague grande dieron pequeno pasado dos veces cafe bueno tostada aguacate tampoco di dos estrellas ambiente bonito limpio,3
424,liv brindo excelente servicio cliente hizo excelente moca,3
425,grandes cervezas encanto moca cortado aqui lugar ambiente mismo recomiendo encarecidamente visita,3
426,si vienes tomes cafe filtrado amargo asqueroso cafes leche suelen ser exquisitos decepcionados calidad goteo,3
427,comida personal ambiente cafe geniales,3
428,mejor cafe leche helado tiempos cafe leche caramelo mantequilla dorada increible edificio grande gran ambiente,3
429,siempre buen lugar tomar cafe tostado localmente pasar rato camareros amables rapidos nunca decepcionan vengo aqui,3
430,altamente recomendado ambiente agradable juvenil industrial chic capuchino fantastico tostada platano buena,4
431,internet rapido muchas cafeterias internet lento imaginable publik ademas ambiente increible abarrotado ruidoso,3
432,si pudiera dar 10 estrellas haria consegui espresso pb tostadas platano hecho perfeccion definitivamente recomendaria lugar demas,3
433,lugar popular quedar amigos excelentes cervezas cafes especiales lujo,4
434,ambiente general exactamente desea cafeteria moderna cafe fuerte robusto encanto cada sorbo,3
435,cantidad granola obtienes si gastas 6,3
436,encanta publik especialmente ubicacion siempre encanta variedad bebidas cada mes hannah cajera hizo sentir casa cafe,3
437,cafe decente bien comida ojala linea tardara llegar sabores almibar adicionales cafe,3
438,super lindo gente agradable espresso quemado podia beber podrias espresso sabor agradable barista apurado,4
439,tome cerveza fria nitro cafe agrio malo intentare nuevo solo ver si obtuve mala cerveza basandome unicamente experiencia regresaria extremadamente caro mal cafe,3
440,tostada simplemente increible tueste espresso parece ningun prueba cortado si quieres experimentarlo,3
441,buen lugar tomar cafe sorprendas si ves funcionarios gobierno local sentados junto hipsters tatuados cafe tostado casa puede ser amargo,3
442,barista josh increible dispuesto entrar detalles cafes metodos preparacion proceso tostado,3
443,encanto cafe leche caliente helado probe muffins arandano naranja delicioso,3
444,lugar tan divertido realmente excelente cafe pasteles pasteles ruibarbo buenos ademas baristas lindos,3
445,impresionante ubicacion personal eh acogedor definitivamente ambiente cafeteria hipster forasteros encajan,3
446,servicio cliente irregular personal publik actitud arrogante pregunto aclararlo siempre actitud detras respuestas lastima amable clientes dan trabajo mantienen empleado,3
447,cerveza fria nitro bien cinco estrellas ambiente mermelada tostada queso cabra,3
448,excelente lugar buen cafe sillas frias tiempo espero cambien pongan almohadas,3
449,servicio amable tostada aguacate chai latte super sabrosos gran espacioambiente,4
450,realmente disfrute lugar esposa disfrutamos bebidas sandwiches dieron general gran hospitalidad servicio volveria,3
451,impresionante enorme cafeteria excelente lugar tomar excelente cafe leer libro relajarse conectarse internet usando wifi alta velocidad trabajar reunirse amigos,3
452,encanta espacio aqui loft cafe cafe delicioso dejes probar diferentes tostadas rico,3
453,si quieres saber hipsters ve alli crema espesa almibar saborizantes azucar,3
454,gran espacio estudiar pasar rato buenos cafes bebidas espresso alguna comida ligera tostadas bolleria etc fresca,3
455,gran cafe chico demasiado genial escuela ayudo primera vez alli ultima vez mejor servicio,4
456,tostada aguacate podria ser mejores ciudad lado negativo extrano bano genial ofrece jabon polvo seco uf jabon polvo seco tan genial,4
457,lejos mejor lugar slc cafe trabajoestudio excelente personal ambiente wifi cafe tampoco mal aunque chai mejor,3
458,asisti recepcion boda iluminada alli gran lugar encanto chocolate caliente sensacion moderna joven,3
459,gran ambiente barista preparo excelente cafe expreso hierbas leche vainilla monton espacios sentarse arriba abajo,3
460,servicio confiable calidad decoracion industrial sillas metal duro demasiado comodas tostada aguacate buenisima smash,3
461,gran espacio trabajar servicio comida bebidas buena calidad sigue asi publik sigue tomando leche coco,3
462,lugar probablemente cafeteria genial dos pisos ambiente centrico hipster sheek jaja realmente genial,4
463,encanta comida cafe bueno nivel ruido increible asi trae auriculares cancelacion ruido si planeas leer,3
464,vine aqui conocer saludar ahora personas cafe gracias lugar ambiente increible cafe delicioso personal servicial,3
465,buen cafe amplio varios asientos enchufes duda buen lugar trabajar dia,3
466,buenas opciones opciones tostadas veian increibles probare proxima vez buen espacio estudiar pasar rato servicio amable,3
467,aqui boda grande salon recepcion enorme cuenta piso concreto liso presta bien bailar,3
468,espacio agradable sensacion almacen abierto excelente lugar relajarse cafe creativo tostada aguacate computadora portatil,3
469,mejores cafes salt lake comida igual buena rapidos incluso bastante ocupados,3
470,disfrute cerveza fria sabor amargo,3
471,espacio impresionante compania increible servicio amable buen cafe,3
472,cafe increible personal siempre amable profesional tostada aguacate absolutamente deliciosa,3
473,gran lugar si necesitas trabajar tranquilo acogedor monton enchufes cargar portatil si necesario encantan galletas jengibre,3
474,hicimos noche casino alli compartir amor fiestas empire casino salon eventos hermoso,5
475,servicio impecable personal super agradable cafe comida absolutamente deliciosos duda lugar estudio favorito,4
476,encanta comida cafe especialmente ambiente aqui varias veces eventos recomiendo ampliamente,3
477,gran cafe excelente servicio cliente ambiente relajado propicia forma relajada empezar dia,3
478,gran ambiente comunidad vibrante excelente comida,3
479,servicio amable deliciosas tostadas excelente cafe fuerte ambiente luminoso energetico diseno interiores hermoso,3
480,cafeteria moderna sirve cafe acompanar unas tostadas increibles amplio espacio dos niveles asientos,3
481,bonito lugar comida cara cafe realmente bueno ojala pudieran permanecer abiertos tarde noche,3
482,estetica genial exhibir tostador cafe tener habitacion espaciosa cafe bueno contarle mama,4
483,encanto lugar bebidas punto personal fantastico edificio enorme espectaculo definitivamente regresare,3
484,genial sencillo mejor taza cafe tomado mes gracias gracias gracias jajaja gran experiencia cafe cosas vivo,4
485,buen lugar estudiar tomar taza cafe,3
486,hermoso ambiente industrial hipster espacio amplio confortable personal maravilloso excelente cafe leche,3
487,lugar joya escondida cafe delicioso personal amable ambiente agradable volvere gracias,3
488,mejores espresso probado vida incluye san francisco dc seattle realmente amo cafe,3
489,buen lugar pasar rato estudiar,3
490,sillas metal incomodas gusto espacio tostada rubia moca miel buenisima,3
491,servicio lento bebidas deliciosas conseguimos aunque frias galletas tostadas realmente ricas,3
492,facilmente mejor cafe mejor ambiente utah prueba steampunk menos vez merece pena,3
493,lugar increible cunada celebro boda aqui pequeno gran lugar aunque loco ubicacion,3
494,gran sensacion cafeteria ojala abierto tarde empleados extremadamente amables,3
495,griffyndor otono snicket limon verano ambos combinan maravillosamente tostada aguacate todas bebidas crean magistralmente mezclan perfectamente encanta publico,3
496,cafe buen sabor buen ambiente acceso enchufes enchufar computadoras minimo solo 4 enchufes disponibles,3
497,comida cafe deliciosos unicos personal maravilloso amable gran ambiente,3
498,gran lugar gran cafe,3
499,impresionante lugar hermosa ubicacion personal amable capacitado importantes accesorios funcionar totalmente energia solar,3
500,lugar extrano cafeteriaespacio trabajo funciona totalmente encanta lugar mejor lugar hipster urbano relajado trabajar cosas disfrutar comida cafe comunidad radical,3
501,ricas tostadas ambiente divertido dispone salas conferencias reuniones bueno reuniones citas informales,3
502,lugar agradable trabajar cafe bueno opciones snacks abundantes banos limpios,3
503,ambiente agradable excelente cafe refrigerios servicio amable,3
504,bueno informarle gente cerrado conduzcan alli vean nota puerta actualice mapas google incluso mensaje correo voz suficiente,3
505,siempre visito slc negocios excelente cafe leche general espacio arriba instalarse trabajar,3
506,cafe bueno tostada aguacate genial espacio acogedor pasar rato hablar amigos,4
507,gran cafeteria buena seleccion tes productos horneados granola bomba,3
508,excelente cafe ten cuenta definitivamente lugar comer menu limitado,3
509,super moderno moderno toneladas tomas corriente asientos varios pisos moca rubio helado fantastico,4
510,bonitas vistas montanas gran cafe asientos arriba abajo,3
511,tostadas platano miel tostadas increibles espacio fresco,3
512,publik cafe favorito terminar trabajo encanta espacio cafe increible,3
513,gran cafe definitivamente local hipster realmente preocupan cafe todavia mala taza,3
514,pequeno gran lugar hipster baristas solidos necesita opcion comida gluten ademas pan,3
515,gran cafe buena comida definitivamente regresare menudo,3
516,ambiente atmosfera cafe geniales lugar frecuento menudo,3
517,lugar genial brindis encanta tomar taza dirigirnos centro comercial antiguedades lado,4
518,lugar diferente bien organizado segun lugares costo justo ambiente bueno,3
519,hice reunion sitio aqui trabajo varias veces bueno tener opcion asequible funcione proyecto oficina aleje distracciones oficina,3
520,buena comida cafe bueno sabia mal aunque comida estupenda,3
521,encanta rebanada gruesa tostada arce mientras disfrutas moca caliente taza entonces publik encantara,3
522,expreso increible mejor personal puedas trabajar recomiendo encarecidamente lugar,3
523,negocio local increible menudo estudio leo aqui ambiente increible bebidas fantasticas tostadas ricas,3
524,camarero boda lugar gran lugar recepcion disfrute sirviendo linda pareja amigos familiares lugar,3
525,cafe comida siempre buenos alli hoy comimos tostadas aguacate delicioso,3
526,ambiente exquisito cafe sabroso definitivamente lugares favoritos visita salt lake,3
527,tantas opciones demas bien servicio ambiente limitadas opciones comida saben bien,3
528,gran lugar reunirse amigos alimentos caros obtienes valor dinero,3
529,cafe bien tostadas buenas destacar lugar funciona energia solar impresionante,3
530,encanta publico tostadas increibles deliciosas tienda enorme lugares sentarse estudiar,3
531,ambiente encantador cafe delicioso personal amable,3
532,ahora mejor cafeteria visitado salt lake city,3
533,gran ambiente cervezas tipicas alto costo jajaja gran lugar pasar rato,3
534,tranquilo acogedor cafe absolutamente delicioso venido aqui definitivamente regresare,3
535,debes probar cafe moca miel quemada queso cabra tostadas mermelada moras lugar increible,3
536,ambiente moderno moderno espacio conocer gente negocios diversion realmente contento seleccion cafe comida gracias,3
537,tostada aguacate bastante buena aunque caro 40 dolares gente coma,3
538,pasando peores semanas vida nuevo slc lugar gente alegraron dia gracias hanna,3
539,buen lugar sentarse trabajar sabor aguacate maravilloso,3
540,encantador vertido excelente cafe vale pena visitarlo frecuencia,3
541,elegancia industrial excelente cafe tostadas reposteria casera wifi gratis toneladas asientos tomas corriente realmente genial,4
542,cafe bueno asientos pesar toneladas claramente tratando atraer multitud estudiocitareunion absurdamente incomodos,3
543,pequena cafeteria hipster favorita cafe excelente comida increible,3
544,cafe increible personal amable tostada queso crema mermelada albaricoque jengibre paraiso,3
545,edificio genial cafe realmente bueno gran lugar reunirse amigos hacer tarea,4
546,venga arte arte tomar mejor cafe delicioso ciudad magnifico diseno interior arte paciencia zen cuidadosamente cultivada mientras hace cola,4
547,buen cafe excelente sigue siendo mejores espresso probado slc,3
548,ojala leche avena gran cafeteria artesanal aparte cafe tostadas pasteles increibles,3
549,encanta lugar gran personal deliciosas tostadas favorito chai realmente delicioso,3
550,maravilloso casi aspectos espacio grande acogedor luminoso abierto bueno grupos,3
551,amplia cafeteria deliciosos pasteles cafe gran lugar estudiar leer reunirse,3
552,unica cafeteria podria perderme asientos gran espacio pasar dia trabajo,3
553,tan moderno tan limpio limpio pregunta tostadas hanenero queso cabra menu antiguo trae macbook,3
554,gran cafe gran tostada gran servicio gente lugar calida gente ubicacion avenida,3
555,lugar tan genial reunion cafe buenisimo muchas delicias echales vistazo,4
556,establecimiento cuenta alta calidad cafe cerveza fria nitro favorita,3
557,cafe increible yung lean fondo caro mejor cafe ambiente slc ahora,3
558,ubicado edificio antiguo genial excelente chocolate caliente malvaviscos tostados soplete,4
559,alli recepcion lugar bonito comida buena area deteriorada supongo contribuye ambiente,3
560,especial otono delicia helada sicomoro callejero buen equilibrio dulce suave espacioso buena onda,4
561,tostada bien debes probarlo alli puedo esperar visitar slc nuevamente volver tesoro,3
562,mejores cafes ciudad buena comida,3
563,damas groseras cafe sabia bien lugar huele aguas residuales,3
564,espacio enorme cafe servicio buenos tostada aguacate buenisima,3
565,tienda urbana genial probe chai demasiado jengibre gusto proxima vez probare cafe,4
566,cafe finamente elaborado personal entusiasmado si slc asegurate ir aqui ir lugar perdida tiempo dinero,3
567,cafe aqui delicioso ambiente servicio excelentes,3
568,gran cafe creo podrian hacer espacio arriba,3
569,tostadas mermelada realmente cosa gusta agregar queso crema encanta chocolate caliente,3
570,lugares favoritos trabajar buen cafe,3
571,oh hombre encantan brindis publiks excelente lugar desayuno rapido repostar energias,3
572,gran lugar incluso productos cafe deliciosos limonada,3
573,buen cafe buen lugar trabajar quedar amigos,3
574,cafe tostado oscuro casa parecia cafe aguado diseno interior atmosfera totalmente hipster importa,3
575,amplia area salas conferencias laterales cuentan wifi pizarra gran lugar reunion,3
576,lugar tan genial,4
577,gran lugar conocer gente comer beber pasar rato muchas salas reuniones privadas mesas reuniones negocios simplemente pasar rato,3
578,encanta lugar gran espacio trabajar delicioso cafe comida sabrosa,3
579,ambiente impresionante excelente cafe caro,3
580,adoro cafe comida sencilla disponible gran lugar estudiar,3
581,deliciosos vertidos fantasticas tostadas aguacate expreso mantequilla hacen lugar excelente parada,3
582,podria ser mejores cafeterias trabajar materia medio ambiente cafe bomba,3
583,gran cafe ambiente hermoso aireado si viviera slc habitual,3
584,super impresionado feliz cortado,4
585,excelente cafe quieras gran lugar trabajar pasar rato,3
586,cafe bueno si quieres disfrutar buen ambiente general excelente,3
587,granos cafe tostados siempre frescos mejor lugar comprar cafe realmente bueno sabroso,3
588,impresionante lugar relajante delicioso cafe,3
589,encanta cafe espresso tremendamente lento,3
590,unico problema ofrecen envases libres residuos mejor cafe probado,3
591,espacioso trabajar estetica encantadora excelente cafe servicio empezar,3
592,grandes vibraciones aqui definitivamente nueva parada pasar salt lake,3
593,espresso legitimo completo agua gas,3
594,vayas horrible ve lugar favor ve buscar mejor cafe tostadas ohhhh espera puedes encanta publik,3
595,bueno moca chocolate blanco latte mantequilla marron,3
596,personal amable asientos sillas incomodas eventos divertidos excelente cafe,3
597,hoppin john latte muffin arandanos comi dos veces vacaciones nunca olvidare,3
598,gran lugar tomar cafe ofertas aventureras cafe,3
599,espacioso ambiente relajado gran vista ultimo piso hacen eventos,3
600,bonito lugar sentarse relajarse,3
601,encantaba lugar navidad senti cafe hecho amor sino bien angustia adolescente,4
602,cafeteria favorita slc prueba tostada aguacate cerveza fria nitro serie,3
603,mejor panini probado ambiente servicio comida 1110,3
604,gran ambientecafe completamente normal realmente decepcionante,3
605,deliciosa cerveza fria tostada aguacate pan alta calidad,3
606,gran cafe realmente unico,3
607,mantenga actualizada informacion incluido horario atencion google yelp condujimos ciudad tormenta nieve ir tienda dos veces descubrir cerradas,3
608,ubicacion buena excelente cafe comida sencilla,3
609,simple cafeteria convertido lugar reunion comunitaria vende cafe increible,3
610,awww maria viniendo alguien hace bien todas cosas gracias carino,3
611,mejor tostada aguacate planeta mejor espacio tiempos,3
612,bueno tostada aguacate morirse bebidas artesanales comida sabrosa,3
613,cafe leche helado genial puedes oler tostadores cafe toda cafeteria,4
614,cafe ambiente increibles matan desearia permanecieran abiertos tarde,3
615,equivocaron pedido dieron tan bueno importo,3
616,delicioso cafe gran servicio ambiente encantador,3
617,encanta cafe ambiente veces musica demasiado alta,3
618,india encanta cafe servicios buenos,3
619,siempre cafe maravilloso unas tostadas excelentes espacio agradable sentarse visitar tomar sorbo trabajar,3
620,vale totalmente pena viaje lyft excelente lugar cafe amante cafe,3
621,gran lugar reuniones innovadoras grupos estudio simplemente excelente ambiente sentarse pasar rato,3
622,mejor cafeteria barrio encantador espacio abierto estudiar trabajar reunirse,3
623,bonito diseno espacio variedad eventos aunque aparcamiento escaso lugar dificil acceso,3
624,pagan suficiente empleados encanta ambiente cafe,3
625,gran cafeteria tercera ola utiliza granos tostadores locales pierdas brindis,3
626,excelente cafes leche excelentes tostadas gourmet cima ofertas slc,3
627,buen cafe comida personal agradable,3
628,ojala pudiera decir lugar vale pena lugar genial debajo promedio,4
629,gran tostador espacio increible,3
630,siempre impresionado calidad cafe personal tranquilo competente,3
631,gusta ambiente cafe acido gusto,3
632,buen cafe comida deliciosa desayune encanto,3
633,excelente moca chocolate amargo ambiente relajado gente estupenda observando,3
634,pequena gran cafeteria personal amable edificio fresco,3
635,disfrute ambiente,3
636,brew nitro frio pruebalo decepcionaras gran ambiente cafe supuesto,3
637,buen cafe tostadas seleccion grande mejor ubicacion,3
638,buen cafe comida wifi bastante malo,3
639,mejor ambiente mejor barista mejor espresso puedes equivocar aqui,3
640,gran lugar relajarse trabajar espacio enorme,3
641,lugar increible ir tomar taza cafe pasar rato amigos trabajar solo,3
642,bonito lugar cafe tostadas,3
643,personal amable excelente cafe ambiente limpio industrial,3
644,espacio favorito reuniones tipo cafeteria ofertas cafe fabulosamente deliciosas,3
645,americanos suaves deliciosos ideales beber negros,3
646,gran espacio relajarse pedidos mezclados cafe caliente,3
647,scones espresso snicket limon cosas ricas,3
648,gran tostador cafe local multiples ubicaciones valle lago salado,3
649,impresionante lugar cafe bien hecho maravilloso ambiente,3
650,buen cafe aqui 2 veces ambas servicio terriblemente lento hablando 20 minutos taza cafe,3
651,realmente gran lugar relajarse cafe tan bueno,3
652,cafe excepcionalmente bueno pruebe bebidas especiales cafe temporada,3
653,americano perfecto confituras habanero miel naranja tostadas queso cabra necesito decir,4
654,cafes leche aqui favoritos opinion mejor cafe slc,3
655,337 16 onzas cafe disfrute,3
656,quiero decir mejora,3
657,realmente bueno conseguimos bebidas rapido,3
658,lugar tranquilo ambiente tranquilo trabajan alli agradables,3
659,si vas hacer mejor cafe utah hazlo asi,3
660,macbooks pie cuadrado cualquier lugar area metropolitana seattle,3
661,excelente tostada aguacate moca blanco miel quemada morirse,3
662,tostadas espectaculares hermoso cada partes impresionante,3
663,gran cafe comida ambiente gente wifi rapido,3
664,servicio horrible cafe hecho regado chocolate caliente chai volvere,2
665,ambiente tranquilo cafe comida increibles,3
666,buen cafe buena comida cerveza barril digas,3
667,bonito lugar buena comida buen cafe buen personal,3
668,siempre disfruto tomando cafe publik valle,3
669,encanta ambiente aqui granolayogurt deliciosa,3
670,servicio lento caro espere 15 minutos bebida solo equivocaran,3
671,disfrute cafe ambiente agradable tranquilo,3
672,gran ambiente gran calidad opciones comida podrian ser amplias,3
673,excelentes tostadas aguacate ambiente agradable reuniones negocios informales,3
674,servicio aqui increible espacio fresco interesante,3
675,nitro cold brew lugar genial trabajar,4
676,bonito espacio buen cafe precios justos,3
677,estacionamiento moderno limpio buen cafe ambiente industrial,3
678,fantastico cafe tostadas encanta conseguir moca rubio,3
679,gran tostada cerveza fria salmon ahumado super sabrosa,4
680,tostada aguacate super fresca excelente recomendable,4
681,cafe excelente ambiente relajante,3
682,bueno encanta comida cafe fantastico,3
683,lugar tan increible ambiente genial espacioso,4
684,ehhhh cafe bien mucha seleccion comida ninos,3
685,dificil encontrar excelente cafe comida,3
686,buen cafe menu ambiente personal amable,3
687,mmmm encanta cafe productos horneados publik,3
688,gran espacio pasar unas horas leer,3
689,mejor cafeteria,3
690,mejores cafes ut edificio bastante sorprendente,3
691,impresionante espacio aunque caro obtienes,3
692,mejor cafe ambiente slc encanta lugar,3
693,limeade apaga sed dia caluroso espacio increible,3
694,excelente espacio cafe grande ballparkgranary district,3
695,expertos cafe bebidas finamente elaboradas experiencia encantadora,3
696,bonito moderno edificio limpio gran servicio cafe tostadas,3
697,lindo lugar tranquilo mayor parte tiempo mejor cafe,3
698,mejores tostados cafe,3
699,excelente ubicacion gran ambiente buen cafe,3
700,cafe increible mejor probado unidos,3
701,eventos talleres interesantes ademas cafe competente tostadores expertos,3
702,espacio abierto esteticamente agradable similar muchas cafeterias,3
703,mejores cafeterias salt lake,3
704,enamorada cafeteria maravillosa,3
705,super hipster probar tostada aguacate hace llorar lagrimas alegria,4
706,ambiente super relajado super lindo comida increible,5
707,5 estrellas,3
708,buen cafe mejor tostado pesado hipsters,3
709,excelente cafe excelente personal espacio fantastico,3
710,excelente construccion excelentes empleados cafe maravilloso,3
711,buen lugar reunirse personal agradable,3
712,cafe increible excelente servicio cliente,3
713,gran espacio trabajar solo equipo,3
714,lugar perfecto trabajar cafeteria,4
715,ambiente relajado fantasticas selecciones cafe tostado casa,3
716,buen cafe buena granola ecologico,3
717,dulce nectar dioses encanta cerveza fria aqui,3
718,experiencia increible lugar bueno alma bueno comunidad,3
719,encanta lugar trato visitarlo cada vez visito slc,3
720,encanta espacio cafe guau steampunk,3
721,lugar fresco ambiente divertido,3
722,mmmm hija insistio pararamos razon,3
723,limpio abierto excelente cafe,3
724,cafe fantastico deliciosas comidas ligeras,3
725,mejor cafeteria area slc,3
726,gran ambiente buen cafe,3
727,tostada aguacate perfecta matcha manana,4
728,mejores cafeterias ciudad,3
729,cafe servido asi,3
730,excelente cafe excavaciones constructivas excelente servicio,3
731,gran ambiente cafe ocupado,3
732,encanta cafe comida ambiente,3
733,gran ambiente personal impresionante interior,3
734,excelente lugar trabajar computadora portatil estudiar dia,3
735,bofetadas mermelada naranja habanero,3
736,si gusta cafe amargo fuerte lugar,3
737,sentarse tomar chai latte amar lugar,3
738,cafe moda delicioso cafe buen ambiente,3
739,excelente lugar tomar cafe tostadas galletas pasteles,3
740,fabulosa tostada cafe aguacate ultima vez olvido pedirla tostadas romero,3
741,gran servicio cafe puedes equivocarte,3
742,ambiente agradable agradable cafe,3
743,gran ambiente agua caja buena,3
744,personal extremadamente amable excelente cafe,3
745,ambiente impresionante gran cafe leche,3
746,sabia hacian tazas tan pequenas,3
747,ambiente fresco buena taza cafe,3
748,moderno excelente granola casera,3
749,ambiente moderno pequenos pasteles frescos,3
750,realmente excelente tostada moca blanca aguacate,3
